{
  "model_id": "checkpoints/gheim-ch",
  "backend": "hf",
  "dataset_id": "ai4privacy/pii-masking-openpii-1m",
  "dataset_split": "test",
  "n_chunks": 8000,
  "metrics": {
    "overall": {
      "strict_span": {
        "f1": 0.5088502964014362,
        "precision": 0.6418472394091783,
        "recall": 0.4215094665859774,
        "method": "seqeval-token-level"
      },
      "char": {
        "f1": 0.8999201643762936,
        "precision": 0.9326210661184319,
        "recall": 0.8694347907384602,
        "method": "char-label-aware"
      }
    },
    "per_category": {
      "account_number": {
        "strict_span": {
          "f1": 0.7536560358318494,
          "precision": 0.8458091085271318,
          "recall": 0.679610705596107,
          "n_gold": 10275
        },
        "char": {
          "f1": 0.8518066963613489,
          "precision": 0.9782225494789923,
          "recall": 0.7543251404433968
        }
      },
      "private_address": {
        "strict_span": {
          "f1": 0.05872011251758087,
          "precision": 0.13352878464818763,
          "recall": 0.03763521634615385,
          "n_gold": 13312
        },
        "char": {
          "f1": 0.7875779405533022,
          "precision": 0.8390383775846331,
          "recall": 0.7420651286866329
        }
      },
      "private_date": {
        "strict_span": {
          "f1": 0.8141233250777926,
          "precision": 0.8110843983297482,
          "recall": 0.8171851096379398,
          "n_gold": 7844
        },
        "char": {
          "f1": 0.9267725060457962,
          "precision": 0.9763252427701917,
          "recall": 0.882006837113005
        }
      },
      "private_email": {
        "strict_span": {
          "f1": 0.9926660914581537,
          "precision": 0.9884020618556701,
          "recall": 0.9969670710571924,
          "n_gold": 4616
        },
        "char": {
          "f1": 0.9945789615281141,
          "precision": 0.9897063154231254,
          "recall": 0.9994998242625788
        }
      },
      "private_person": {
        "strict_span": {
          "f1": 0.17781703098550083,
          "precision": 0.2720108083764918,
          "recall": 0.13207959763831184,
          "n_gold": 18292
        },
        "char": {
          "f1": 0.937950080186255,
          "precision": 0.9404015445933026,
          "recall": 0.9355113636363637
        }
      },
      "private_phone": {
        "strict_span": {
          "f1": 0.9653251636262359,
          "precision": 0.9405698778833107,
          "recall": 0.9914187643020596,
          "n_gold": 3496
        },
        "char": {
          "f1": 0.9767024914985043,
          "precision": 0.960244472544737,
          "recall": 0.9937345097650441
        }
      },
      "private_url": {
        "strict_span": {
          "f1": 0.0,
          "precision": 0.0,
          "recall": 0.0,
          "n_gold": 0
        },
        "char": {
          "f1": 0.0,
          "precision": 0.0,
          "recall": 0.0
        }
      },
      "secret": {
        "strict_span": {
          "f1": 0.0,
          "precision": 0.0,
          "recall": 0.0,
          "n_gold": 0
        },
        "char": {
          "f1": 0.0,
          "precision": 0.0,
          "recall": 0.0
        }
      }
    },
    "per_language": {
      "de": {
        "strict_span": {
          "f1": 0.516574709550083,
          "precision": 0.6464578421466263,
          "recall": 0.4301509039294786,
          "method": "seqeval-token-level"
        },
        "char": {
          "f1": 0.8970108938697386,
          "precision": 0.9375462737912725,
          "recall": 0.8598353909465021,
          "method": "char-label-aware"
        },
        "n_chunks": 2000
      },
      "en": {
        "strict_span": {
          "f1": 0.456628811006635,
          "precision": 0.5976558337773042,
          "recall": 0.3694506652614939,
          "method": "seqeval-token-level"
        },
        "char": {
          "f1": 0.8835257830825655,
          "precision": 0.9296891513196921,
          "recall": 0.841729994011939,
          "method": "char-label-aware"
        },
        "n_chunks": 2000
      },
      "fr": {
        "strict_span": {
          "f1": 0.5145338019433533,
          "precision": 0.6347684146092634,
          "recall": 0.43259403462420914,
          "method": "seqeval-token-level"
        },
        "char": {
          "f1": 0.8979645348348602,
          "precision": 0.9231859214509863,
          "recall": 0.8740845936872141,
          "method": "char-label-aware"
        },
        "n_chunks": 2000
      },
      "it": {
        "strict_span": {
          "f1": 0.5481409712970813,
          "precision": 0.6866592495195711,
          "recall": 0.45612738511152917,
          "method": "seqeval-token-level"
        },
        "char": {
          "f1": 0.9205387915201344,
          "precision": 0.9400348361591504,
          "recall": 0.9018350001877559,
          "method": "char-label-aware"
        },
        "n_chunks": 2000
      }
    }
  },
  "per_lang": 2000
}