{
  "model_id": "checkpoints/gheim-ch-commercial",
  "backend": "hf",
  "dataset_id": "tomaarsen/conll2003",
  "dataset_split": "test",
  "n_chunks": 3453,
  "metrics": {
    "overall": {
      "strict_span": {
        "f1": 0.5278561354019746,
        "precision": 0.369173859432799,
        "recall": 0.9257884972170687,
        "method": "seqeval-token-level"
      },
      "char": {
        "f1": 0.5425485421739402,
        "precision": 0.3756294711361819,
        "recall": 0.976459351648969,
        "method": "char-label-aware"
      }
    },
    "per_category": {
      "private_address": {
        "strict_span": {
          "f1": 0.0,
          "precision": 0.0,
          "recall": 0.0,
          "n_gold": 0
        },
        "char": {
          "f1": 0.0,
          "precision": 0.0,
          "recall": 0.0
        }
      },
      "private_date": {
        "strict_span": {
          "f1": 0.0,
          "precision": 0.0,
          "recall": 0.0,
          "n_gold": 0
        },
        "char": {
          "f1": 0.0,
          "precision": 0.0,
          "recall": 0.0
        }
      },
      "private_person": {
        "strict_span": {
          "f1": 0.5318884348907443,
          "precision": 0.37313060817547355,
          "recall": 0.9257884972170687,
          "n_gold": 1617
        },
        "char": {
          "f1": 0.5476344272367779,
          "precision": 0.3805228357490038,
          "recall": 0.976459351648969
        }
      },
      "private_phone": {
        "strict_span": {
          "f1": 0.0,
          "precision": 0.0,
          "recall": 0.0,
          "n_gold": 0
        },
        "char": {
          "f1": 0.0,
          "precision": 0.0,
          "recall": 0.0
        }
      },
      "private_url": {
        "strict_span": {
          "f1": 0.0,
          "precision": 0.0,
          "recall": 0.0,
          "n_gold": 0
        },
        "char": {
          "f1": 0.0,
          "precision": 0.0,
          "recall": 0.0
        }
      }
    },
    "per_language": {
      "en": {
        "strict_span": {
          "f1": 0.5278561354019746,
          "precision": 0.369173859432799,
          "recall": 0.9257884972170687,
          "method": "seqeval-token-level"
        },
        "char": {
          "f1": 0.5425485421739402,
          "precision": 0.3756294711361819,
          "recall": 0.976459351648969,
          "method": "char-label-aware"
        },
        "n_chunks": 3453
      }
    }
  }
}