{
  "model_id": "checkpoints/gheim-ch",
  "backend": "hf",
  "dataset_id": "ZurichNLP/swissner",
  "dataset_split": "test",
  "n_chunks": 800,
  "metrics": {
    "overall": {
      "strict_span": {
        "f1": 0.5038560411311054,
        "precision": 0.5283018867924528,
        "recall": 0.48157248157248156,
        "method": "seqeval-token-level"
      },
      "char": {
        "f1": 0.6015700612969137,
        "precision": 0.674788902291918,
        "recall": 0.5426852929763291,
        "method": "char-label-aware"
      }
    },
    "per_category": {
      "private_address": {
        "strict_span": {
          "f1": 0.0,
          "precision": 0.0,
          "recall": 0.0,
          "n_gold": 0
        },
        "char": {
          "f1": 0.0,
          "precision": 0.0,
          "recall": 0.0
        }
      },
      "private_date": {
        "strict_span": {
          "f1": 0.0,
          "precision": 0.0,
          "recall": 0.0,
          "n_gold": 0
        },
        "char": {
          "f1": 0.0,
          "precision": 0.0,
          "recall": 0.0
        }
      },
      "private_person": {
        "strict_span": {
          "f1": 0.6373983739837399,
          "precision": 0.9423076923076923,
          "recall": 0.48157248157248156,
          "n_gold": 407
        },
        "char": {
          "f1": 0.702234496610595,
          "precision": 0.9946657183499289,
          "recall": 0.5426852929763291
        }
      },
      "private_phone": {
        "strict_span": {
          "f1": 0.0,
          "precision": 0.0,
          "recall": 0.0,
          "n_gold": 0
        },
        "char": {
          "f1": 0.0,
          "precision": 0.0,
          "recall": 0.0
        }
      },
      "private_url": {
        "strict_span": {
          "f1": 0.0,
          "precision": 0.0,
          "recall": 0.0,
          "n_gold": 0
        },
        "char": {
          "f1": 0.0,
          "precision": 0.0,
          "recall": 0.0
        }
      }
    },
    "per_language": {
      "de": {
        "strict_span": {
          "f1": 0.44047619047619047,
          "precision": 0.578125,
          "recall": 0.3557692307692308,
          "method": "seqeval-token-level"
        },
        "char": {
          "f1": 0.5385385385385385,
          "precision": 0.7400275103163686,
          "recall": 0.4232887490165224,
          "method": "char-label-aware"
        },
        "n_chunks": 200
      },
      "fr": {
        "strict_span": {
          "f1": 0.669811320754717,
          "precision": 0.5916666666666667,
          "recall": 0.7717391304347826,
          "method": "seqeval-token-level"
        },
        "char": {
          "f1": 0.7606652205350687,
          "precision": 0.7275242047026279,
          "recall": 0.796969696969697,
          "method": "char-label-aware"
        },
        "n_chunks": 200
      },
      "it": {
        "strict_span": {
          "f1": 0.5365853658536586,
          "precision": 0.49107142857142855,
          "recall": 0.5913978494623656,
          "method": "seqeval-token-level"
        },
        "char": {
          "f1": 0.6432160804020101,
          "precision": 0.6274509803921569,
          "recall": 0.6597938144329897,
          "method": "char-label-aware"
        },
        "n_chunks": 200
      },
      "rm": {
        "strict_span": {
          "f1": 0.34196891191709844,
          "precision": 0.44,
          "recall": 0.2796610169491525,
          "method": "seqeval-token-level"
        },
        "char": {
          "f1": 0.40894271075919886,
          "precision": 0.5868983957219251,
          "recall": 0.31379556826304505,
          "method": "char-label-aware"
        },
        "n_chunks": 200
      }
    }
  }
}