{
  "model_id": "checkpoints/gheim-ch-commercial",
  "backend": "hf",
  "dataset_id": "ZurichNLP/swissner",
  "dataset_split": "test",
  "n_chunks": 800,
  "metrics": {
    "overall": {
      "strict_span": {
        "f1": 0.6578366445916115,
        "precision": 0.5971943887775552,
        "recall": 0.7321867321867321,
        "method": "seqeval-token-level"
      },
      "char": {
        "f1": 0.7432652323268848,
        "precision": 0.69583615436696,
        "recall": 0.7976329064804035,
        "method": "char-label-aware"
      }
    },
    "per_category": {
      "private_address": {
        "strict_span": {
          "f1": 0.0,
          "precision": 0.0,
          "recall": 0.0,
          "n_gold": 0
        },
        "char": {
          "f1": 0.0,
          "precision": 0.0,
          "recall": 0.0
        }
      },
      "private_date": {
        "strict_span": {
          "f1": 0.0,
          "precision": 0.0,
          "recall": 0.0,
          "n_gold": 0
        },
        "char": {
          "f1": 0.0,
          "precision": 0.0,
          "recall": 0.0
        }
      },
      "private_person": {
        "strict_span": {
          "f1": 0.7852437417654807,
          "precision": 0.8465909090909091,
          "recall": 0.7321867321867321,
          "n_gold": 407
        },
        "char": {
          "f1": 0.8444079285200781,
          "precision": 0.8970106916866681,
          "recall": 0.7976329064804035
        }
      },
      "private_phone": {
        "strict_span": {
          "f1": 0.0,
          "precision": 0.0,
          "recall": 0.0,
          "n_gold": 0
        },
        "char": {
          "f1": 0.0,
          "precision": 0.0,
          "recall": 0.0
        }
      },
      "private_url": {
        "strict_span": {
          "f1": 0.0,
          "precision": 0.0,
          "recall": 0.0,
          "n_gold": 0
        },
        "char": {
          "f1": 0.0,
          "precision": 0.0,
          "recall": 0.0
        }
      }
    },
    "per_language": {
      "de": {
        "strict_span": {
          "f1": 0.7168141592920353,
          "precision": 0.6639344262295082,
          "recall": 0.7788461538461539,
          "method": "seqeval-token-level"
        },
        "char": {
          "f1": 0.8053097345132743,
          "precision": 0.7578070784177654,
          "recall": 0.8591660110149488,
          "method": "char-label-aware"
        },
        "n_chunks": 200
      },
      "fr": {
        "strict_span": {
          "f1": 0.7657657657657657,
          "precision": 0.6538461538461539,
          "recall": 0.9239130434782609,
          "method": "seqeval-token-level"
        },
        "char": {
          "f1": 0.844891122278057,
          "precision": 0.7573573573573573,
          "recall": 0.9553030303030303,
          "method": "char-label-aware"
        },
        "n_chunks": 200
      },
      "it": {
        "strict_span": {
          "f1": 0.6554621848739496,
          "precision": 0.5379310344827586,
          "recall": 0.8387096774193549,
          "method": "seqeval-token-level"
        },
        "char": {
          "f1": 0.7453027139874739,
          "precision": 0.6263157894736842,
          "recall": 0.9201030927835051,
          "method": "char-label-aware"
        },
        "n_chunks": 200
      },
      "rm": {
        "strict_span": {
          "f1": 0.49090909090909096,
          "precision": 0.5294117647058824,
          "recall": 0.4576271186440678,
          "method": "seqeval-token-level"
        },
        "char": {
          "f1": 0.5515857085507829,
          "precision": 0.6291208791208791,
          "recall": 0.4910650464617584,
          "method": "char-label-aware"
        },
        "n_chunks": 200
      }
    }
  }
}