{
  "model_id": "checkpoints/gheim-ch-multisource",
  "backend": "hf",
  "dataset_id": "ZurichNLP/swissner",
  "dataset_split": "test",
  "n_chunks": 800,
  "metrics": {
    "overall": {
      "strict_span": {
        "f1": 0.8200654307524535,
        "precision": 0.7372549019607844,
        "recall": 0.9238329238329238,
        "method": "seqeval-token-level"
      },
      "char": {
        "f1": 0.8925170068027211,
        "precision": 0.8380173735309147,
        "recall": 0.9545983701979045,
        "method": "char-label-aware"
      }
    },
    "per_category": {
      "private_address": {
        "strict_span": {
          "f1": 0.0,
          "precision": 0.0,
          "recall": 0.0,
          "n_gold": 0
        },
        "char": {
          "f1": 0.0,
          "precision": 0.0,
          "recall": 0.0
        }
      },
      "private_date": {
        "strict_span": {
          "f1": 0.0,
          "precision": 0.0,
          "recall": 0.0,
          "n_gold": 0
        },
        "char": {
          "f1": 0.0,
          "precision": 0.0,
          "recall": 0.0
        }
      },
      "private_person": {
        "strict_span": {
          "f1": 0.8318584070796461,
          "precision": 0.7565392354124748,
          "recall": 0.9238329238329238,
          "n_gold": 407
        },
        "char": {
          "f1": 0.9025866813428729,
          "precision": 0.8559498956158664,
          "recall": 0.9545983701979045
        }
      },
      "private_phone": {
        "strict_span": {
          "f1": 0.0,
          "precision": 0.0,
          "recall": 0.0,
          "n_gold": 0
        },
        "char": {
          "f1": 0.0,
          "precision": 0.0,
          "recall": 0.0
        }
      },
      "private_url": {
        "strict_span": {
          "f1": 0.0,
          "precision": 0.0,
          "recall": 0.0,
          "n_gold": 0
        },
        "char": {
          "f1": 0.0,
          "precision": 0.0,
          "recall": 0.0
        }
      }
    },
    "per_language": {
      "de": {
        "strict_span": {
          "f1": 0.8744186046511627,
          "precision": 0.8468468468468469,
          "recall": 0.9038461538461539,
          "method": "seqeval-token-level"
        },
        "char": {
          "f1": 0.9311015959517323,
          "precision": 0.9214175654853621,
          "recall": 0.940991345397325,
          "method": "char-label-aware"
        },
        "n_chunks": 200
      },
      "fr": {
        "strict_span": {
          "f1": 0.8450704225352111,
          "precision": 0.743801652892562,
          "recall": 0.9782608695652174,
          "method": "seqeval-token-level"
        },
        "char": {
          "f1": 0.9127094972067038,
          "precision": 0.8465025906735751,
          "recall": 0.9901515151515151,
          "method": "char-label-aware"
        },
        "n_chunks": 200
      },
      "it": {
        "strict_span": {
          "f1": 0.7753303964757708,
          "precision": 0.6567164179104478,
          "recall": 0.946236559139785,
          "method": "seqeval-token-level"
        },
        "char": {
          "f1": 0.8556469708302168,
          "precision": 0.7576158940397351,
          "recall": 0.9828178694158075,
          "method": "char-label-aware"
        },
        "n_chunks": 200
      },
      "rm": {
        "strict_span": {
          "f1": 0.7938931297709924,
          "precision": 0.7222222222222222,
          "recall": 0.8813559322033898,
          "method": "seqeval-token-level"
        },
        "char": {
          "f1": 0.8725154215215902,
          "precision": 0.8380513495720869,
          "recall": 0.9099356683345247,
          "method": "char-label-aware"
        },
        "n_chunks": 200
      }
    }
  }
}