{
  "model_id": "Isotonic/distilbert_finetuned_ai4privacy_v2",
  "backend": "hf",
  "dataset_id": "data/built",
  "dataset_split": "test",
  "n_chunks": 21246,
  "metrics": {
    "overall": {
      "strict_span": {
        "f1": 0.139528646619062,
        "precision": 0.10813666479019617,
        "recall": 0.19660205640145492,
        "method": "seqeval-token-level"
      },
      "char": {
        "f1": 0.4407453875155002,
        "precision": 0.4762058889536726,
        "recall": 0.410199991645562,
        "method": "char-label-aware"
      }
    },
    "per_category": {
      "account_number": {
        "strict_span": {
          "f1": 0.06755126658624849,
          "precision": 0.051517939282428704,
          "recall": 0.09807355516637478,
          "n_gold": 1713
        },
        "char": {
          "f1": 0.29673157429811425,
          "precision": 0.39320067178991297,
          "recall": 0.23827293754818812
        }
      },
      "private_address": {
        "strict_span": {
          "f1": 0.026306635359596486,
          "precision": 0.015575922969980949,
          "recall": 0.0845680738048644,
          "n_gold": 7154
        },
        "char": {
          "f1": 0.24925951349977554,
          "precision": 0.2108126350976721,
          "recall": 0.30485785501385715
        }
      },
      "private_date": {
        "strict_span": {
          "f1": 0.15424934481467614,
          "precision": 0.1414187643020595,
          "recall": 0.1696404062585781,
          "n_gold": 21858
        },
        "char": {
          "f1": 0.40706379283299654,
          "precision": 0.5473068388137987,
          "recall": 0.32403292121492894
        }
      },
      "private_email": {
        "strict_span": {
          "f1": 0.08945686900958466,
          "precision": 0.0774703557312253,
          "recall": 0.10583153347732181,
          "n_gold": 1852
        },
        "char": {
          "f1": 0.5550920802474391,
          "precision": 0.7735990825325266,
          "recall": 0.43283549065162075
        }
      },
      "private_person": {
        "strict_span": {
          "f1": 0.2431187048892876,
          "precision": 0.2409278267194698,
          "recall": 0.24534979423868314,
          "n_gold": 24300
        },
        "char": {
          "f1": 0.5131166398011826,
          "precision": 0.6176222714096521,
          "recall": 0.4388589102395367
        }
      },
      "private_phone": {
        "strict_span": {
          "f1": 0.2697566178609522,
          "precision": 0.1775140377743747,
          "recall": 0.5615664109810254,
          "n_gold": 2477
        },
        "char": {
          "f1": 0.5868468298214117,
          "precision": 0.4428993196696761,
          "recall": 0.8694179242377579
        }
      },
      "private_url": {
        "strict_span": {
          "f1": 0.05768853424030348,
          "precision": 0.03860970057783225,
          "recall": 0.11404189294026378,
          "n_gold": 3867
        },
        "char": {
          "f1": 0.599937202993089,
          "precision": 0.6233879541038895,
          "recall": 0.578186837846292
        }
      },
      "secret": {
        "strict_span": {
          "f1": 0.033482142857142856,
          "precision": 0.024671052631578948,
          "recall": 0.052083333333333336,
          "n_gold": 288
        },
        "char": {
          "f1": 0.2988046113923512,
          "precision": 0.5136004679730916,
          "recall": 0.21069050332953387
        }
      }
    },
    "per_language": {
      "de_ch": {
        "strict_span": {
          "f1": 0.11316073488729826,
          "precision": 0.08272122168416852,
          "recall": 0.17904530109130878,
          "method": "seqeval-token-level"
        },
        "char": {
          "f1": 0.4308691925485505,
          "precision": 0.4489111635775852,
          "recall": 0.41422142018524155,
          "method": "char-label-aware"
        },
        "n_chunks": 9028
      },
      "en": {
        "strict_span": {
          "f1": 0.4527806925498426,
          "precision": 0.35823993358239936,
          "recall": 0.6151104775481112,
          "method": "seqeval-token-level"
        },
        "char": {
          "f1": 0.7079599113423919,
          "precision": 0.6514587212911235,
          "recall": 0.7751925714888678,
          "method": "char-label-aware"
        },
        "n_chunks": 553
      },
      "fr_ch": {
        "strict_span": {
          "f1": 0.1623402775235236,
          "precision": 0.12841379709809145,
          "recall": 0.2206299447678758,
          "method": "seqeval-token-level"
        },
        "char": {
          "f1": 0.45755748367059873,
          "precision": 0.4971269259431589,
          "recall": 0.4238227772169779,
          "method": "char-label-aware"
        },
        "n_chunks": 6402
      },
      "it_ch": {
        "strict_span": {
          "f1": 0.11943893454236328,
          "precision": 0.0997338065661047,
          "recall": 0.14884788558311998,
          "method": "seqeval-token-level"
        },
        "char": {
          "f1": 0.39576705747213403,
          "precision": 0.4668776371308017,
          "recall": 0.343455084851994,
          "method": "char-label-aware"
        },
        "n_chunks": 3612
      },
      "rm": {
        "strict_span": {
          "f1": 0.1611220388266484,
          "precision": 0.14525828835774865,
          "recall": 0.18087557603686635,
          "method": "seqeval-token-level"
        },
        "char": {
          "f1": 0.4492472034989245,
          "precision": 0.5385101978224198,
          "recall": 0.38536879792589745,
          "method": "char-label-aware"
        },
        "n_chunks": 1651
      }
    }
  }
}