{
  "model_id": "Isotonic/distilbert_finetuned_ai4privacy_v2",
  "backend": "hf",
  "dataset_id": "data/built_v2",
  "dataset_split": "test",
  "n_chunks": 15861,
  "metrics": {
    "overall": {
      "strict_span": {
        "f1": 0.15652519696128706,
        "precision": 0.11498296007789678,
        "recall": 0.2450647228203066,
        "method": "seqeval-token-level"
      },
      "char": {
        "f1": 0.507821719074393,
        "precision": 0.5099875788993384,
        "recall": 0.5056741777783363,
        "method": "char-label-aware"
      }
    },
    "per_category": {
      "account_number": {
        "strict_span": {
          "f1": 0.01569767441860465,
          "precision": 0.009189925119128658,
          "recall": 0.053784860557768925,
          "n_gold": 502
        },
        "char": {
          "f1": 0.08517878061025269,
          "precision": 0.05706917815898643,
          "recall": 0.16785753545124765
        }
      },
      "private_address": {
        "strict_span": {
          "f1": 0.0297836659399631,
          "precision": 0.016876995590694846,
          "recall": 0.12660393498716851,
          "n_gold": 3507
        },
        "char": {
          "f1": 0.20015928679545825,
          "precision": 0.14267286475175955,
          "recall": 0.3352329073259306
        }
      },
      "private_date": {
        "strict_span": {
          "f1": 0.11612584417723605,
          "precision": 0.09653567027249076,
          "recall": 0.14569125852448853,
          "n_gold": 9678
        },
        "char": {
          "f1": 0.3649849221255263,
          "precision": 0.43113921192277294,
          "recall": 0.316431465813701
        }
      },
      "private_email": {
        "strict_span": {
          "f1": 0.18650360340685737,
          "precision": 0.14893617021276595,
          "recall": 0.24941588785046728,
          "n_gold": 1712
        },
        "char": {
          "f1": 0.6882091095756958,
          "precision": 0.8151606603941062,
          "recall": 0.5954715219421102
        }
      },
      "private_person": {
        "strict_span": {
          "f1": 0.26361662436160127,
          "precision": 0.2398041506704501,
          "recall": 0.2926796142876545,
          "n_gold": 14726
        },
        "char": {
          "f1": 0.5072983534167042,
          "precision": 0.5496272576541913,
          "recall": 0.471023060068985
        }
      },
      "private_phone": {
        "strict_span": {
          "f1": 0.4426582135174913,
          "precision": 0.35519622093023256,
          "recall": 0.5872634424752178,
          "n_gold": 3329
        },
        "char": {
          "f1": 0.7634152019555349,
          "precision": 0.7007942726884172,
          "recall": 0.8383255219429059
        }
      },
      "private_url": {
        "strict_span": {
          "f1": 0.11357360334206613,
          "precision": 0.07915515199368338,
          "recall": 0.2009521423202205,
          "n_gold": 3991
        },
        "char": {
          "f1": 0.7560149477353948,
          "precision": 0.7978981953767682,
          "recall": 0.7183094690780181
        }
      },
      "secret": {
        "strict_span": {
          "f1": 0.04904632152588556,
          "precision": 0.039301310043668124,
          "recall": 0.06521739130434782,
          "n_gold": 1104
        },
        "char": {
          "f1": 0.45519646593815394,
          "precision": 0.9035026997092621,
          "recall": 0.3042376963838946
        }
      }
    },
    "per_language": {
      "de_ch": {
        "strict_span": {
          "f1": 0.12039134912461381,
          "precision": 0.08628898320723381,
          "recall": 0.1990634312473393,
          "method": "seqeval-token-level"
        },
        "char": {
          "f1": 0.46706492141483524,
          "precision": 0.4612653576759674,
          "recall": 0.4730121798434424,
          "method": "char-label-aware"
        },
        "n_chunks": 4753
      },
      "en": {
        "strict_span": {
          "f1": 0.351397743992153,
          "precision": 0.25180108943946583,
          "recall": 0.5813387423935091,
          "method": "seqeval-token-level"
        },
        "char": {
          "f1": 0.6394970734879688,
          "precision": 0.5992655676224705,
          "recall": 0.6855191891746957,
          "method": "char-label-aware"
        },
        "n_chunks": 893
      },
      "fr_ch": {
        "strict_span": {
          "f1": 0.17024793388429754,
          "precision": 0.12326471996170417,
          "recall": 0.27510683760683763,
          "method": "seqeval-token-level"
        },
        "char": {
          "f1": 0.5152040191328264,
          "precision": 0.5005464480874317,
          "recall": 0.5307459256676799,
          "method": "char-label-aware"
        },
        "n_chunks": 4705
      },
      "it_ch": {
        "strict_span": {
          "f1": 0.13790056750603188,
          "precision": 0.10542998181345804,
          "recall": 0.19927322726379887,
          "method": "seqeval-token-level"
        },
        "char": {
          "f1": 0.5296473396064535,
          "precision": 0.5695943834002548,
          "recall": 0.4949362526702845,
          "method": "char-label-aware"
        },
        "n_chunks": 4169
      },
      "rm": {
        "strict_span": {
          "f1": 0.13949411470072628,
          "precision": 0.11005730092867022,
          "recall": 0.19042735042735043,
          "method": "seqeval-token-level"
        },
        "char": {
          "f1": 0.4150004047599774,
          "precision": 0.4452212427808416,
          "recall": 0.3886214607891445,
          "method": "char-label-aware"
        },
        "n_chunks": 1341
      }
    }
  }
}