{
  "model_id": "openai/privacy-filter",
  "backend": "hf",
  "dataset_id": "data/built_v2",
  "dataset_split": "test",
  "n_chunks": 15861,
  "metrics": {
    "overall": {
      "strict_span": {
        "f1": 0.4434960149562137,
        "precision": 0.42168167465793477,
        "recall": 0.4676904718669745,
        "method": "seqeval-token-level"
      },
      "char": {
        "f1": 0.6095311104495386,
        "precision": 0.6526031099940873,
        "recall": 0.571792626850374,
        "method": "char-label-aware"
      }
    },
    "per_category": {
      "account_number": {
        "strict_span": {
          "f1": 0.10895392639814547,
          "precision": 0.06375042387249916,
          "recall": 0.3745019920318725,
          "n_gold": 502
        },
        "char": {
          "f1": 0.2069057887546543,
          "precision": 0.13678543599914997,
          "recall": 0.4245355611740134
        }
      },
      "private_address": {
        "strict_span": {
          "f1": 0.08787728847105394,
          "precision": 0.06729311912700818,
          "recall": 0.12660393498716851,
          "n_gold": 3507
        },
        "char": {
          "f1": 0.48815695585458724,
          "precision": 0.4454752904296515,
          "recall": 0.5398840701166282
        }
      },
      "private_date": {
        "strict_span": {
          "f1": 0.5693857965451056,
          "precision": 0.5315355671026698,
          "recall": 0.6130398842736102,
          "n_gold": 9678
        },
        "char": {
          "f1": 0.6838658688043356,
          "precision": 0.6660278513026335,
          "recall": 0.7026856816129006
        }
      },
      "private_email": {
        "strict_span": {
          "f1": 0.8359849580561179,
          "precision": 0.828080229226361,
          "recall": 0.8440420560747663,
          "n_gold": 1712
        },
        "char": {
          "f1": 0.911344532373169,
          "precision": 0.9102010193257962,
          "recall": 0.9124909222948439
        }
      },
      "private_person": {
        "strict_span": {
          "f1": 0.4059604480708063,
          "precision": 0.41350894492182,
          "recall": 0.39868260220019014,
          "n_gold": 14726
        },
        "char": {
          "f1": 0.561251482500524,
          "precision": 0.5494132741845836,
          "recall": 0.5736110809814088
        }
      },
      "private_phone": {
        "strict_span": {
          "f1": 0.8079872666763132,
          "precision": 0.7794528196538246,
          "recall": 0.8386902973866026,
          "n_gold": 3329
        },
        "char": {
          "f1": 0.8872679881445359,
          "precision": 0.8756171430942207,
          "recall": 0.8992330634853004
        }
      },
      "private_url": {
        "strict_span": {
          "f1": 0.16663489037178267,
          "precision": 0.3484848484848485,
          "recall": 0.10949636682535706,
          "n_gold": 3991
        },
        "char": {
          "f1": 0.3366405976421151,
          "precision": 0.8882886724950838,
          "recall": 0.20767164261777496
        }
      },
      "secret": {
        "strict_span": {
          "f1": 0.7752003374103753,
          "precision": 0.7253354380426204,
          "recall": 0.832427536231884,
          "n_gold": 1104
        },
        "char": {
          "f1": 0.9618655992995402,
          "precision": 0.9678124754188626,
          "recall": 0.9559913598856272
        }
      }
    },
    "per_language": {
      "de_ch": {
        "strict_span": {
          "f1": 0.37796174707393665,
          "precision": 0.36271133375078274,
          "recall": 0.39455087271179223,
          "method": "seqeval-token-level"
        },
        "char": {
          "f1": 0.5693460666800327,
          "precision": 0.6172921034818643,
          "recall": 0.5283113066249682,
          "method": "char-label-aware"
        },
        "n_chunks": 4753
      },
      "en": {
        "strict_span": {
          "f1": 0.6443012663852478,
          "precision": 0.712180746561886,
          "recall": 0.5882352941176471,
          "method": "seqeval-token-level"
        },
        "char": {
          "f1": 0.7877122877122879,
          "precision": 0.8928369227981974,
          "recall": 0.7047351768764636,
          "method": "char-label-aware"
        },
        "n_chunks": 893
      },
      "fr_ch": {
        "strict_span": {
          "f1": 0.4217073170731707,
          "precision": 0.388016157989228,
          "recall": 0.4618055555555556,
          "method": "seqeval-token-level"
        },
        "char": {
          "f1": 0.5773503522695734,
          "precision": 0.5995896047301228,
          "recall": 0.5567018408763927,
          "method": "char-label-aware"
        },
        "n_chunks": 4705
      },
      "it_ch": {
        "strict_span": {
          "f1": 0.49979799793509,
          "precision": 0.46027284001653573,
          "recall": 0.5467491651934787,
          "method": "seqeval-token-level"
        },
        "char": {
          "f1": 0.6302648052999754,
          "precision": 0.669306268124024,
          "recall": 0.5955269796666649,
          "method": "char-label-aware"
        },
        "n_chunks": 4169
      },
      "rm": {
        "strict_span": {
          "f1": 0.44070305272895466,
          "precision": 0.48024193548387095,
          "recall": 0.40717948717948715,
          "method": "seqeval-token-level"
        },
        "char": {
          "f1": 0.6425613957457568,
          "precision": 0.7234703802993998,
          "recall": 0.5779289694121215,
          "method": "char-label-aware"
        },
        "n_chunks": 1341
      }
    }
  }
}