{
  "model_id": "microsoft/presidio-analyzer",
  "backend": "presidio",
  "dataset_id": "data/built_v2",
  "dataset_split": "test",
  "n_chunks": 15861,
  "metrics": {
    "overall": {
      "strict_span": {
        "f1": 0.43372750886598427,
        "precision": 0.39954547441108346,
        "recall": 0.4743054294534229,
        "method": "char-set-strict"
      },
      "char": {
        "f1": 0.561547291778045,
        "precision": 0.5461054581778978,
        "recall": 0.5778878122822525,
        "method": "char-label-aware"
      }
    },
    "per_category": {
      "account_number": {
        "strict_span": {
          "f1": 0.21775544388609716,
          "precision": 0.6842105263157895,
          "recall": 0.1294820717131474,
          "n_gold": 502
        },
        "char": {
          "f1": 0.25282084212457573,
          "precision": 0.7638580931263859,
          "recall": 0.15147850939870286
        }
      },
      "private_address": {
        "strict_span": {
          "f1": 0.0,
          "precision": 0.0,
          "recall": 0.0,
          "n_gold": 3507
        },
        "char": {
          "f1": 0.0,
          "precision": 0.0,
          "recall": 0.0
        }
      },
      "private_date": {
        "strict_span": {
          "f1": 0.4099252209381373,
          "precision": 0.5991653418124007,
          "recall": 0.3115313081215127,
          "n_gold": 9678
        },
        "char": {
          "f1": 0.3636505124030265,
          "precision": 0.6549300329890684,
          "recall": 0.25170496449199103
        }
      },
      "private_email": {
        "strict_span": {
          "f1": 0.974251497005988,
          "precision": 0.9993857493857494,
          "recall": 0.9503504672897196,
          "n_gold": 1712
        },
        "char": {
          "f1": 0.9756654800488817,
          "precision": 0.9999455456327597,
          "recall": 0.952536570183629
        }
      },
      "private_person": {
        "strict_span": {
          "f1": 0.44200074036974935,
          "precision": 0.32531974228291183,
          "recall": 0.6891891891891891,
          "n_gold": 14726
        },
        "char": {
          "f1": 0.5208079894073595,
          "precision": 0.3676412454299172,
          "recall": 0.8927424778185131
        }
      },
      "private_phone": {
        "strict_span": {
          "f1": 0.15291195142147393,
          "precision": 0.9421768707482994,
          "recall": 0.08320817062180835,
          "n_gold": 3329
        },
        "char": {
          "f1": 0.15085970008636254,
          "precision": 0.9588323353293413,
          "recall": 0.08187047294418406
        }
      },
      "private_url": {
        "strict_span": {
          "f1": 0.5481906750173973,
          "precision": 0.41985343104596934,
          "recall": 0.7895264344775745,
          "n_gold": 3991
        },
        "char": {
          "f1": 0.8809492386418816,
          "precision": 0.8002171454422077,
          "recall": 0.9797989309552164
        }
      },
      "secret": {
        "strict_span": {
          "f1": 0.0,
          "precision": 0.0,
          "recall": 0.0,
          "n_gold": 1104
        },
        "char": {
          "f1": 0.0008378588052754074,
          "precision": 0.2727272727272727,
          "recall": 0.0004195738993955028
        }
      }
    },
    "per_language": {
      "de_ch": {
        "strict_span": {
          "f1": 0.4540663603018677,
          "precision": 0.4497244028728913,
          "recall": 0.45849297573435505,
          "method": "char-set-strict"
        },
        "char": {
          "f1": 0.572154276731971,
          "precision": 0.5823520803863226,
          "recall": 0.562307482172967,
          "method": "char-label-aware"
        },
        "n_chunks": 4753
      },
      "en": {
        "strict_span": {
          "f1": 0.47973267470579684,
          "precision": 0.3736985061113626,
          "recall": 0.6697768762677485,
          "method": "char-set-strict"
        },
        "char": {
          "f1": 0.5606972543043296,
          "precision": 0.5380558020309573,
          "recall": 0.5853279230645478,
          "method": "char-label-aware"
        },
        "n_chunks": 893
      },
      "fr_ch": {
        "strict_span": {
          "f1": 0.41603156101497357,
          "precision": 0.4189994581903558,
          "recall": 0.4131054131054131,
          "method": "char-set-strict"
        },
        "char": {
          "f1": 0.5958575543335952,
          "precision": 0.6383221035978165,
          "recall": 0.5586905176943133,
          "method": "char-label-aware"
        },
        "n_chunks": 4705
      },
      "it_ch": {
        "strict_span": {
          "f1": 0.5521044690702878,
          "precision": 0.5870118375926541,
          "recall": 0.5211156943626006,
          "method": "char-set-strict"
        },
        "char": {
          "f1": 0.6902342945925293,
          "precision": 0.7500428974138987,
          "recall": 0.6392595803801336,
          "method": "char-label-aware"
        },
        "n_chunks": 4169
      },
      "rm": {
        "strict_span": {
          "f1": 0.21375800361188638,
          "precision": 0.14065031867775737,
          "recall": 0.4451282051282051,
          "method": "char-set-strict"
        },
        "char": {
          "f1": 0.2513084884498839,
          "precision": 0.16970276770173132,
          "recall": 0.48409960959708903,
          "method": "char-label-aware"
        },
        "n_chunks": 1341
      }
    }
  },
  "score_threshold": 0.5
}