{
  "model_id": "microsoft/presidio-analyzer",
  "backend": "presidio",
  "dataset_id": "data/built",
  "dataset_split": "test",
  "n_chunks": 21246,
  "metrics": {
    "overall": {
      "strict_span": {
        "f1": 0.39832785434315343,
        "precision": 0.4000857224497571,
        "recall": 0.39658536585365856,
        "method": "char-set-strict"
      },
      "char": {
        "f1": 0.5008670246500786,
        "precision": 0.511550998000555,
        "recall": 0.4906202004482253,
        "method": "char-label-aware"
      }
    },
    "per_category": {
      "account_number": {
        "strict_span": {
          "f1": 0.5665979381443299,
          "precision": 0.9648876404494382,
          "recall": 0.4010507880910683,
          "n_gold": 1713
        },
        "char": {
          "f1": 0.6569441880499661,
          "precision": 0.9807692307692307,
          "recall": 0.4938781804163454
        }
      },
      "private_address": {
        "strict_span": {
          "f1": 0.0,
          "precision": 0.0,
          "recall": 0.0,
          "n_gold": 7157
        },
        "char": {
          "f1": 0.0,
          "precision": 0.0,
          "recall": 0.0
        }
      },
      "private_date": {
        "strict_span": {
          "f1": 0.3068296189791517,
          "precision": 0.7171903881700554,
          "recall": 0.19516210160501166,
          "n_gold": 21869
        },
        "char": {
          "f1": 0.26621108900969204,
          "precision": 0.8017089355513135,
          "recall": 0.15960419260503228
        }
      },
      "private_email": {
        "strict_span": {
          "f1": 0.9518105091206099,
          "precision": 0.9609675645959318,
          "recall": 0.9428263214670982,
          "n_gold": 1854
        },
        "char": {
          "f1": 0.9708454810495627,
          "precision": 0.9765395894428153,
          "recall": 0.9652173913043478
        }
      },
      "private_person": {
        "strict_span": {
          "f1": 0.4328004154794155,
          "precision": 0.32851754778495174,
          "recall": 0.6340791313646459,
          "n_gold": 24314
        },
        "char": {
          "f1": 0.5190236455695161,
          "precision": 0.37754906567931684,
          "recall": 0.830063832587523
        }
      },
      "private_phone": {
        "strict_span": {
          "f1": 0.20779220779220778,
          "precision": 0.9829351535836177,
          "recall": 0.11617587736990723,
          "n_gold": 2479
        },
        "char": {
          "f1": 0.23213049925852694,
          "precision": 0.9900906599198819,
          "recall": 0.13147800767141699
        }
      },
      "private_url": {
        "strict_span": {
          "f1": 0.5022010601024167,
          "precision": 0.3852515506547209,
          "recall": 0.7211042311661506,
          "n_gold": 3876
        },
        "char": {
          "f1": 0.8365131617076026,
          "precision": 0.7288495914842906,
          "recall": 0.9814970963837397
        }
      },
      "secret": {
        "strict_span": {
          "f1": 0.0,
          "precision": 0.0,
          "recall": 0.0,
          "n_gold": 288
        },
        "char": {
          "f1": 0.0,
          "precision": 0.0,
          "recall": 0.0
        }
      }
    },
    "per_language": {
      "de_ch": {
        "strict_span": {
          "f1": 0.40039651070578913,
          "precision": 0.4049891714125291,
          "recall": 0.3959068454481299,
          "method": "char-set-strict"
        },
        "char": {
          "f1": 0.49496796679941685,
          "precision": 0.5090217703486702,
          "recall": 0.481669348175849,
          "method": "char-label-aware"
        },
        "n_chunks": 9028
      },
      "en": {
        "strict_span": {
          "f1": 0.48953744493392065,
          "precision": 0.3990125673249551,
          "recall": 0.6331908831908832,
          "method": "char-set-strict"
        },
        "char": {
          "f1": 0.626086181542712,
          "precision": 0.5418852206109226,
          "recall": 0.7412683338609265,
          "method": "char-label-aware"
        },
        "n_chunks": 553
      },
      "fr_ch": {
        "strict_span": {
          "f1": 0.4083674647461447,
          "precision": 0.4562933841145034,
          "recall": 0.36955223880597016,
          "method": "char-set-strict"
        },
        "char": {
          "f1": 0.5446305221404849,
          "precision": 0.6407359896678709,
          "recall": 0.4735949276460704,
          "method": "char-label-aware"
        },
        "n_chunks": 6402
      },
      "it_ch": {
        "strict_span": {
          "f1": 0.47702187437286775,
          "precision": 0.5527264271596326,
          "recall": 0.4195569676109787,
          "method": "char-set-strict"
        },
        "char": {
          "f1": 0.5658996599914147,
          "precision": 0.6591690146434382,
          "recall": 0.4957529234093609,
          "method": "char-label-aware"
        },
        "n_chunks": 3612
      },
      "rm": {
        "strict_span": {
          "f1": 0.25171709671431225,
          "precision": 0.18571950328707085,
          "recall": 0.39047801881359184,
          "method": "char-set-strict"
        },
        "char": {
          "f1": 0.3244052379253354,
          "precision": 0.23137628847886368,
          "recall": 0.542545165228604,
          "method": "char-label-aware"
        },
        "n_chunks": 1651
      }
    }
  },
  "score_threshold": 0.5
}