{
  "model_id": "ZurichNLP/swissbert-ner",
  "backend": "swissbert",
  "dataset_id": "data/built",
  "dataset_split": "test",
  "n_chunks": 21246,
  "metrics": {
    "overall": {
      "strict_span": {
        "f1": 0.34573867600238467,
        "precision": 0.28958607793973906,
        "recall": 0.4289063729346971,
        "method": "char-set-strict"
      },
      "char": {
        "f1": 0.6124696625058418,
        "precision": 0.6119401537661854,
        "recall": 0.6130000884016115,
        "method": "char-label-aware"
      }
    },
    "per_category": {
      "account_number": {
        "strict_span": {
          "f1": 0.973554199360651,
          "precision": 0.9693287037037037,
          "recall": 0.9778166958552248,
          "n_gold": 1713
        },
        "char": {
          "f1": 0.9757089974607642,
          "precision": 0.9679504689064918,
          "recall": 0.9835929067077872
        }
      },
      "private_address": {
        "strict_span": {
          "f1": 0.08247749084792717,
          "precision": 0.04804278666605192,
          "recall": 0.29118345675562385,
          "n_gold": 7157
        },
        "char": {
          "f1": 0.38225189844175006,
          "precision": 0.28133818556780193,
          "recall": 0.5960502692998204
        }
      },
      "private_date": {
        "strict_span": {
          "f1": 0.3003106662064205,
          "precision": 0.931255946717412,
          "recall": 0.17902053134574056,
          "n_gold": 21869
        },
        "char": {
          "f1": 0.24318996302897847,
          "precision": 0.9360484848484848,
          "recall": 0.13974867533370008
        }
      },
      "private_email": {
        "strict_span": {
          "f1": 0.9622999728776783,
          "precision": 0.9678123295144572,
          "recall": 0.9568500539374326,
          "n_gold": 1854
        },
        "char": {
          "f1": 0.9706330070334114,
          "precision": 0.9748683153289884,
          "recall": 0.9664343400818675
        }
      },
      "private_person": {
        "strict_span": {
          "f1": 0.4639520423455885,
          "precision": 0.378827327640075,
          "recall": 0.5984206629925146,
          "n_gold": 24314
        },
        "char": {
          "f1": 0.7703913989765538,
          "precision": 0.6908779946471701,
          "recall": 0.8705876546459594
        }
      },
      "private_phone": {
        "strict_span": {
          "f1": 0.832014072119613,
          "precision": 0.9144514258095698,
          "recall": 0.763210972166196,
          "n_gold": 2479
        },
        "char": {
          "f1": 0.8488193057609342,
          "precision": 0.9317269076305221,
          "recall": 0.7794607609821653
        }
      },
      "private_url": {
        "strict_span": {
          "f1": 0.38524722177484294,
          "precision": 0.5126446635233605,
          "recall": 0.30856553147574817,
          "n_gold": 3876
        },
        "char": {
          "f1": 0.8387722202858139,
          "precision": 0.8998410794135518,
          "recall": 0.7854655986073522
        }
      },
      "secret": {
        "strict_span": {
          "f1": 0.7450980392156863,
          "precision": 1.0,
          "recall": 0.59375,
          "n_gold": 288
        },
        "char": {
          "f1": 0.5491339542170772,
          "precision": 1.0,
          "recall": 0.37848701181834543
        }
      }
    },
    "per_language": {
      "de_ch": {
        "strict_span": {
          "f1": 0.3264839815276683,
          "precision": 0.2768756311236047,
          "recall": 0.39774954912569593,
          "method": "char-set-strict"
        },
        "char": {
          "f1": 0.6245013743914456,
          "precision": 0.6485908599103508,
          "recall": 0.6021372352915597,
          "method": "char-label-aware"
        },
        "n_chunks": 9028
      },
      "en": {
        "strict_span": {
          "f1": 0.4599303135888503,
          "precision": 0.41414717626925274,
          "recall": 0.5170940170940171,
          "method": "char-set-strict"
        },
        "char": {
          "f1": 0.757762642784362,
          "precision": 0.7704471101417666,
          "recall": 0.7454890788224121,
          "method": "char-label-aware"
        },
        "n_chunks": 553
      },
      "fr_ch": {
        "strict_span": {
          "f1": 0.33836359349210093,
          "precision": 0.27961808261886206,
          "recall": 0.42835820895522386,
          "method": "char-set-strict"
        },
        "char": {
          "f1": 0.6036351256785126,
          "precision": 0.5903028023785231,
          "recall": 0.6175836012809887,
          "method": "char-label-aware"
        },
        "n_chunks": 6402
      },
      "it_ch": {
        "strict_span": {
          "f1": 0.3509485094850949,
          "precision": 0.2944414527613235,
          "recall": 0.43429529609037154,
          "method": "char-set-strict"
        },
        "char": {
          "f1": 0.5740902658736093,
          "precision": 0.553966817831114,
          "recall": 0.5957308374172522,
          "method": "char-label-aware"
        },
        "n_chunks": 3612
      },
      "rm": {
        "strict_span": {
          "f1": 0.42504094089623345,
          "precision": 0.34711246200607904,
          "recall": 0.548089844499904,
          "method": "char-set-strict"
        },
        "char": {
          "f1": 0.6310150022376878,
          "precision": 0.598489136051576,
          "recall": 0.6672793865485124,
          "method": "char-label-aware"
        },
        "n_chunks": 1651
      }
    }
  }
}