{
  "model_id": "/tmp/privacy_filter_patched",
  "backend": "onnx",
  "dataset_id": "data/built",
  "dataset_split": "test",
  "n_chunks": 21246,
  "metrics": {
    "overall": {
      "strict_span": {
        "f1": 0.4492429481614455,
        "precision": 0.4216988950276243,
        "recall": 0.4806366298290356,
        "method": "seqeval-token-level"
      },
      "char": {
        "f1": 0.6187306629730279,
        "precision": 0.6399833060291397,
        "recall": 0.5988441732166432,
        "method": "char-label-aware"
      }
    },
    "per_category": {
      "account_number": {
        "strict_span": {
          "f1": 0.32897930875043346,
          "precision": 0.20510233496684924,
          "recall": 0.8307063631056626,
          "n_gold": 1713
        },
        "char": {
          "f1": 0.5265468883014471,
          "precision": 0.37110016420361247,
          "recall": 0.9060909791827294
        }
      },
      "private_address": {
        "strict_span": {
          "f1": 0.09927406429716226,
          "precision": 0.07490396927016646,
          "recall": 0.1471492453884852,
          "n_gold": 7156
        },
        "char": {
          "f1": 0.549406439961237,
          "precision": 0.5220883324002323,
          "recall": 0.5797412165263519
        }
      },
      "private_date": {
        "strict_span": {
          "f1": 0.6062265917602996,
          "precision": 0.6208764863828155,
          "recall": 0.5922521039151116,
          "n_gold": 21864
        },
        "char": {
          "f1": 0.7169929728598987,
          "precision": 0.7712302281780755,
          "recall": 0.6698830240032428
        }
      },
      "private_email": {
        "strict_span": {
          "f1": 0.9254901960784313,
          "precision": 0.8971109984794728,
          "recall": 0.9557235421166307,
          "n_gold": 1852
        },
        "char": {
          "f1": 0.9518165754428307,
          "precision": 0.9276098872251507,
          "recall": 0.9773205000553159
        }
      },
      "private_person": {
        "strict_span": {
          "f1": 0.4360258514993454,
          "precision": 0.4404651943907969,
          "recall": 0.4316751018392791,
          "n_gold": 24303
        },
        "char": {
          "f1": 0.5816089302337673,
          "precision": 0.5744351057582147,
          "recall": 0.5889642011055541
        }
      },
      "private_phone": {
        "strict_span": {
          "f1": 0.7984246330110992,
          "precision": 0.7172724348665166,
          "recall": 0.9002825999192572,
          "n_gold": 2477
        },
        "char": {
          "f1": 0.871789509456651,
          "precision": 0.8175778377053199,
          "recall": 0.9337010387210573
        }
      },
      "private_url": {
        "strict_span": {
          "f1": 0.19879400894767554,
          "precision": 0.40172955974842767,
          "recall": 0.1320754716981132,
          "n_gold": 3869
        },
        "char": {
          "f1": 0.3303101519314157,
          "precision": 0.8751461646398503,
          "recall": 0.20357274000734404
        }
      },
      "secret": {
        "strict_span": {
          "f1": 0.3132530120481928,
          "precision": 0.2765957446808511,
          "recall": 0.3611111111111111,
          "n_gold": 288
        },
        "char": {
          "f1": 0.8897490958408679,
          "precision": 0.8409442931154195,
          "recall": 0.9445677605135281
        }
      }
    },
    "per_language": {
      "de_ch": {
        "strict_span": {
          "f1": 0.4158371966184892,
          "precision": 0.3675836924096785,
          "recall": 0.47867372964488913,
          "method": "seqeval-token-level"
        },
        "char": {
          "f1": 0.6064063835976757,
          "precision": 0.617201836411657,
          "recall": 0.595982084619733,
          "method": "char-label-aware"
        },
        "n_chunks": 9028
      },
      "en": {
        "strict_span": {
          "f1": 0.673992673992674,
          "precision": 0.7855787476280834,
          "recall": 0.5901639344262295,
          "method": "seqeval-token-level"
        },
        "char": {
          "f1": 0.746889966565258,
          "precision": 0.8703404703404704,
          "recall": 0.6541099504062468,
          "method": "char-label-aware"
        },
        "n_chunks": 553
      },
      "fr_ch": {
        "strict_span": {
          "f1": 0.44888984488898453,
          "precision": 0.43192898537393065,
          "recall": 0.4672371759789044,
          "method": "seqeval-token-level"
        },
        "char": {
          "f1": 0.6092220620534742,
          "precision": 0.6287683268354292,
          "recall": 0.5908544117030505,
          "method": "char-label-aware"
        },
        "n_chunks": 6402
      },
      "it_ch": {
        "strict_span": {
          "f1": 0.5328889814621954,
          "precision": 0.5044959772834832,
          "recall": 0.5646684912156793,
          "method": "seqeval-token-level"
        },
        "char": {
          "f1": 0.67526405316666,
          "precision": 0.6887337057728119,
          "recall": 0.6623111498445027,
          "method": "char-label-aware"
        },
        "n_chunks": 3612
      },
      "rm": {
        "strict_span": {
          "f1": 0.38381580418017214,
          "precision": 0.4592136935009361,
          "recall": 0.32968509984639016,
          "method": "seqeval-token-level"
        },
        "char": {
          "f1": 0.5710568119227607,
          "precision": 0.6829533738114332,
          "recall": 0.49066516687471706,
          "method": "char-label-aware"
        },
        "n_chunks": 1651
      }
    }
  },
  "onnx_file": "model.onnx",
  "provider": "CPUExecutionProvider"
}