{
  "checkpoint": "checkpoints/stage2_xlmr",
  "dataset_dir": "data/built_v2",
  "split": "test",
  "n_chunks": 15861,
  "overall": {
    "f1": 0.9161361536092002,
    "precision": 0.9066636181185377,
    "recall": 0.925808710991206
  },
  "per_category": {
    "account_number": {
      "precision": 0.6937901498929336,
      "recall": 0.6454183266932271,
      "f1": 0.6687306501547987,
      "support": 502
    },
    "private_address": {
      "precision": 0.7588614393125671,
      "recall": 0.8058169375534645,
      "f1": 0.7816346286820633,
      "support": 3507
    },
    "private_date": {
      "precision": 0.9018659295093296,
      "recall": 0.9438933663980161,
      "f1": 0.9224011713030746,
      "support": 9678
    },
    "private_email": {
      "precision": 0.9865654205607477,
      "recall": 0.9865654205607477,
      "f1": 0.9865654205607477,
      "support": 1712
    },
    "private_person": {
      "precision": 0.9125997025821279,
      "recall": 0.9168137987233465,
      "f1": 0.9147018970189702,
      "support": 14726
    },
    "private_phone": {
      "precision": 0.9835575485799701,
      "recall": 0.9882847702012616,
      "f1": 0.9859154929577464,
      "support": 3329
    },
    "private_url": {
      "precision": 0.9360607545320921,
      "recall": 0.9574041593585567,
      "f1": 0.9466121640034684,
      "support": 3991
    },
    "secret": {
      "precision": 0.9936936936936936,
      "recall": 0.9990942028985508,
      "f1": 0.996386630532972,
      "support": 1104
    }
  },
  "per_language": {
    "de_ch": {
      "f1": 0.9112109905020352,
      "precision": 0.9075935467522595,
      "recall": 0.9148573861217539,
      "n_chunks": 4753
    },
    "en": {
      "f1": 0.9541357901061486,
      "precision": 0.942246835443038,
      "recall": 0.9663286004056795,
      "n_chunks": 893
    },
    "fr_ch": {
      "f1": 0.906310085649362,
      "precision": 0.8899759697905939,
      "recall": 0.9232549857549858,
      "n_chunks": 4705
    },
    "it_ch": {
      "f1": 0.9421155729676787,
      "precision": 0.9395389724555577,
      "recall": 0.9447063445295619,
      "n_chunks": 4169
    },
    "rm": {
      "f1": 0.8532581661416018,
      "precision": 0.8283966516419833,
      "recall": 0.8796581196581197,
      "n_chunks": 1341
    }
  }
}