{
  "model_id": "/home/joelbarmettler/projects/gheim/checkpoints/sweep_v2/f03_15k_dotsep",
  "backend": "hf",
  "dataset_id": "data/built_v2",
  "dataset_split": "test",
  "n_chunks": 15861,
  "metrics": {
    "overall": {
      "strict_span": {
        "f1": 0.9152390463752529,
        "precision": 0.9036229868783657,
        "recall": 0.9271576435186386,
        "method": "seqeval-token-level"
      },
      "char": {
        "f1": 0.9586893634098624,
        "precision": 0.9566936853127308,
        "recall": 0.9606933849434258,
        "method": "char-label-aware"
      }
    },
    "per_category": {
      "account_number": {
        "strict_span": {
          "f1": 0.6118721461187214,
          "precision": 0.5649241146711635,
          "recall": 0.6673306772908366,
          "n_gold": 502
        },
        "char": {
          "f1": 0.7938543291168486,
          "precision": 0.8364167478091529,
          "recall": 0.7554138727052875
        }
      },
      "private_address": {
        "strict_span": {
          "f1": 0.7817805383022773,
          "precision": 0.7576243980738363,
          "recall": 0.8075278015397775,
          "n_gold": 3507
        },
        "char": {
          "f1": 0.8909210122485423,
          "precision": 0.8898410177095961,
          "recall": 0.8920036315385153
        }
      },
      "private_date": {
        "strict_span": {
          "f1": 0.924812030075188,
          "precision": 0.9096542074755147,
          "recall": 0.9404835709857409,
          "n_gold": 9678
        },
        "char": {
          "f1": 0.9399674093700092,
          "precision": 0.9222445497025661,
          "recall": 0.9583847792039908
        }
      },
      "private_email": {
        "strict_span": {
          "f1": 0.9845435987168271,
          "precision": 0.9831100757134537,
          "recall": 0.985981308411215,
          "n_gold": 1712
        },
        "char": {
          "f1": 0.9938259569766686,
          "precision": 0.9961176685166367,
          "recall": 0.99154476605457
        }
      },
      "private_person": {
        "strict_span": {
          "f1": 0.9149502781055114,
          "precision": 0.9084276055960908,
          "recall": 0.9215672959391552,
          "n_gold": 14726
        },
        "char": {
          "f1": 0.94321042761609,
          "precision": 0.946732888575628,
          "recall": 0.9397140811766492
        }
      },
      "private_phone": {
        "strict_span": {
          "f1": 0.9856373429084381,
          "precision": 0.9818181818181818,
          "recall": 0.9894863322319015,
          "n_gold": 3329
        },
        "char": {
          "f1": 0.9898411486500817,
          "precision": 0.9854313584730374,
          "recall": 0.9942905837239029
        }
      },
      "private_url": {
        "strict_span": {
          "f1": 0.944203884696276,
          "precision": 0.9325513196480938,
          "recall": 0.9561513405161614,
          "n_gold": 3991
        },
        "char": {
          "f1": 0.9918886510347578,
          "precision": 0.9918089984714561,
          "recall": 0.9919683163929433
        }
      },
      "secret": {
        "strict_span": {
          "f1": 0.9950383400992331,
          "precision": 0.9910152740341419,
          "recall": 0.9990942028985508,
          "n_gold": 1104
        },
        "char": {
          "f1": 0.9993398929850039,
          "precision": 0.9988356929955291,
          "recall": 0.9998446022594831
        }
      }
    },
    "per_language": {
      "de_ch": {
        "strict_span": {
          "f1": 0.913705583756345,
          "precision": 0.9079445145018915,
          "recall": 0.9195402298850575,
          "method": "seqeval-token-level"
        },
        "char": {
          "f1": 0.955788529196477,
          "precision": 0.9583364900185614,
          "recall": 0.9532540811424373,
          "method": "char-label-aware"
        },
        "n_chunks": 4753
      },
      "en": {
        "strict_span": {
          "f1": 0.9591631462482397,
          "precision": 0.951316839584996,
          "recall": 0.9671399594320487,
          "method": "seqeval-token-level"
        },
        "char": {
          "f1": 0.9820343272675425,
          "precision": 0.9791722201489221,
          "recall": 0.9849132152369376,
          "method": "char-label-aware"
        },
        "n_chunks": 893
      },
      "fr_ch": {
        "strict_span": {
          "f1": 0.906023253780925,
          "precision": 0.8899192855916195,
          "recall": 0.9227207977207977,
          "method": "seqeval-token-level"
        },
        "char": {
          "f1": 0.9522832746628989,
          "precision": 0.9449649957453392,
          "recall": 0.9597157910759969,
          "method": "char-label-aware"
        },
        "n_chunks": 4705
      },
      "it_ch": {
        "strict_span": {
          "f1": 0.9391779752025773,
          "precision": 0.9336180124223602,
          "recall": 0.944804557061481,
          "method": "seqeval-token-level"
        },
        "char": {
          "f1": 0.9717317351866814,
          "precision": 0.9729401415825409,
          "recall": 0.9705263267853692,
          "method": "char-label-aware"
        },
        "n_chunks": 4169
      },
      "rm": {
        "strict_span": {
          "f1": 0.8398890158315652,
          "precision": 0.8035602748282323,
          "recall": 0.8796581196581197,
          "method": "seqeval-token-level"
        },
        "char": {
          "f1": 0.9235227912211594,
          "precision": 0.9141939317413749,
          "recall": 0.9330440056096729,
          "method": "char-label-aware"
        },
        "n_chunks": 1341
      }
    }
  }
}