{
  "model_id": "/home/joelbarmettler/projects/gheim/checkpoints/sweep_v2/f04_30k_dotsep",
  "backend": "hf",
  "dataset_id": "data/built_v2",
  "dataset_split": "test",
  "n_chunks": 15861,
  "metrics": {
    "overall": {
      "strict_span": {
        "f1": 0.9153156370779494,
        "precision": 0.9003965067255572,
        "recall": 0.9307375029183637,
        "method": "seqeval-token-level"
      },
      "char": {
        "f1": 0.9580775553755948,
        "precision": 0.9538955160662527,
        "recall": 0.9622964256938946,
        "method": "char-label-aware"
      }
    },
    "per_category": {
      "account_number": {
        "strict_span": {
          "f1": 0.5968309859154929,
          "precision": 0.5347003154574133,
          "recall": 0.6752988047808764,
          "n_gold": 502
        },
        "char": {
          "f1": 0.7960325815925083,
          "precision": 0.8025698324022347,
          "recall": 0.7896009673518742
        }
      },
      "private_address": {
        "strict_span": {
          "f1": 0.784206943498979,
          "precision": 0.7503908285565398,
          "recall": 0.8212147134302823,
          "n_gold": 3507
        },
        "char": {
          "f1": 0.8879063213643652,
          "precision": 0.8825339441439453,
          "recall": 0.8933445072979956
        }
      },
      "private_date": {
        "strict_span": {
          "f1": 0.9207676421699491,
          "precision": 0.8982800982800982,
          "recall": 0.9444100020665427,
          "n_gold": 9678
        },
        "char": {
          "f1": 0.9383195097896557,
          "precision": 0.9159216268040749,
          "recall": 0.9618402843955351
        }
      },
      "private_email": {
        "strict_span": {
          "f1": 0.9857184494316524,
          "precision": 0.9837114601512508,
          "recall": 0.9877336448598131,
          "n_gold": 1712
        },
        "char": {
          "f1": 0.9937768770056256,
          "precision": 0.9956006768189509,
          "recall": 0.9919597468617076
        }
      },
      "private_person": {
        "strict_span": {
          "f1": 0.9155555555555555,
          "precision": 0.9079738212902364,
          "recall": 0.9232649735162298,
          "n_gold": 14726
        },
        "char": {
          "f1": 0.9432744435925461,
          "precision": 0.9457686813726025,
          "recall": 0.9407933271145628
        }
      },
      "private_phone": {
        "strict_span": {
          "f1": 0.9857890800299177,
          "precision": 0.9818235995232419,
          "recall": 0.9897867227395615,
          "n_gold": 3329
        },
        "char": {
          "f1": 0.9899549191195969,
          "precision": 0.9858244428013098,
          "recall": 0.994120153387303
        }
      },
      "private_url": {
        "strict_span": {
          "f1": 0.9549302788844621,
          "precision": 0.9490225191784212,
          "recall": 0.9609120521172638,
          "n_gold": 3991
        },
        "char": {
          "f1": 0.9921053214341077,
          "precision": 0.991594778692017,
          "recall": 0.9926163901736506
        }
      },
      "secret": {
        "strict_span": {
          "f1": 0.9959367945823928,
          "precision": 0.9927992799279928,
          "recall": 0.9990942028985508,
          "n_gold": 1104
        },
        "char": {
          "f1": 0.9994019835506643,
          "precision": 0.9989597565519811,
          "recall": 0.9998446022594831
        }
      }
    },
    "per_language": {
      "de_ch": {
        "strict_span": {
          "f1": 0.9103813203426845,
          "precision": 0.8982348553907351,
          "recall": 0.9228607918263091,
          "method": "seqeval-token-level"
        },
        "char": {
          "f1": 0.954329062424953,
          "precision": 0.9541089183489003,
          "recall": 0.9545493081133017,
          "method": "char-label-aware"
        },
        "n_chunks": 4753
      },
      "en": {
        "strict_span": {
          "f1": 0.9609028617492946,
          "precision": 0.9547456948338006,
          "recall": 0.9671399594320487,
          "method": "seqeval-token-level"
        },
        "char": {
          "f1": 0.9832827832292597,
          "precision": 0.9814092633153481,
          "recall": 0.9851634699604955,
          "method": "char-label-aware"
        },
        "n_chunks": 893
      },
      "fr_ch": {
        "strict_span": {
          "f1": 0.9071752002786485,
          "precision": 0.8876959781867757,
          "recall": 0.92752849002849,
          "method": "seqeval-token-level"
        },
        "char": {
          "f1": 0.9507859813288442,
          "precision": 0.9408552005307743,
          "recall": 0.960928638419272,
          "method": "char-label-aware"
        },
        "n_chunks": 4705
      },
      "it_ch": {
        "strict_span": {
          "f1": 0.9398752679789515,
          "precision": 0.9326049120092825,
          "recall": 0.9472598703594579,
          "method": "seqeval-token-level"
        },
        "char": {
          "f1": 0.9714889619539692,
          "precision": 0.9707239741136102,
          "recall": 0.9722551564564738,
          "method": "char-label-aware"
        },
        "n_chunks": 4169
      },
      "rm": {
        "strict_span": {
          "f1": 0.8458652748328169,
          "precision": 0.8087960074859638,
          "recall": 0.8864957264957265,
          "method": "seqeval-token-level"
        },
        "char": {
          "f1": 0.9265344311377244,
          "precision": 0.9149942713530694,
          "recall": 0.9383694045408028,
          "method": "char-label-aware"
        },
        "n_chunks": 1341
      }
    }
  }
}