{
  "model_id": "/home/joelbarmettler/projects/gheim/checkpoints/sweep_v2/f05_10k_singlenl",
  "backend": "hf",
  "dataset_id": "data/built_v2",
  "dataset_split": "test",
  "n_chunks": 15861,
  "metrics": {
    "overall": {
      "strict_span": {
        "f1": 0.9132567876499449,
        "precision": 0.9043827741459568,
        "recall": 0.9223066746219097,
        "method": "seqeval-token-level"
      },
      "char": {
        "f1": 0.9580927270883526,
        "precision": 0.9596921076670459,
        "recall": 0.9564986685545683,
        "method": "char-label-aware"
      }
    },
    "per_category": {
      "account_number": {
        "strict_span": {
          "f1": 0.6345776031434184,
          "precision": 0.625968992248062,
          "recall": 0.6434262948207171,
          "n_gold": 502
        },
        "char": {
          "f1": 0.7792000000000001,
          "precision": 0.885083181881728,
          "recall": 0.6959437177091349
        }
      },
      "private_address": {
        "strict_span": {
          "f1": 0.7740678909293267,
          "precision": 0.7557728878022276,
          "recall": 0.7932706016538352,
          "n_gold": 3507
        },
        "char": {
          "f1": 0.8833643939660325,
          "precision": 0.8895892351274788,
          "recall": 0.8772260632725749
        }
      },
      "private_date": {
        "strict_span": {
          "f1": 0.9189656927618854,
          "precision": 0.9055979133226324,
          "recall": 0.9327340359578425,
          "n_gold": 9678
        },
        "char": {
          "f1": 0.9413393292295847,
          "precision": 0.9306178637946393,
          "recall": 0.9523107137234105
        }
      },
      "private_email": {
        "strict_span": {
          "f1": 0.9859894921190894,
          "precision": 0.985414235705951,
          "recall": 0.9865654205607477,
          "n_gold": 1712
        },
        "char": {
          "f1": 0.9936773085629537,
          "precision": 0.9968676585747847,
          "recall": 0.9905073140367258
        }
      },
      "private_person": {
        "strict_span": {
          "f1": 0.9138862623260842,
          "precision": 0.9089748757221551,
          "recall": 0.918851011815836,
          "n_gold": 14726
        },
        "char": {
          "f1": 0.9433987994097962,
          "precision": 0.9488930952185005,
          "recall": 0.9379677636288696
        }
      },
      "private_phone": {
        "strict_span": {
          "f1": 0.9842884931916803,
          "precision": 0.9806201550387597,
          "recall": 0.9879843796936016,
          "n_gold": 3329
        },
        "char": {
          "f1": 0.9898163978294805,
          "precision": 0.9867671656327412,
          "recall": 0.9928845334469536
        }
      },
      "private_url": {
        "strict_span": {
          "f1": 0.9436532507739939,
          "precision": 0.9329089128305583,
          "recall": 0.9546479579052869,
          "n_gold": 3991
        },
        "char": {
          "f1": 0.991286658943646,
          "precision": 0.9919574465724856,
          "recall": 0.9906167779101005
        }
      },
      "secret": {
        "strict_span": {
          "f1": 0.996386630532972,
          "precision": 0.9936936936936936,
          "recall": 0.9990942028985508,
          "n_gold": 1104
        },
        "char": {
          "f1": 0.9993398929850039,
          "precision": 0.9988356929955291,
          "recall": 0.9998446022594831
        }
      }
    },
    "per_language": {
      "de_ch": {
        "strict_span": {
          "f1": 0.9064248177657229,
          "precision": 0.902371107923382,
          "recall": 0.9105151128139634,
          "method": "seqeval-token-level"
        },
        "char": {
          "f1": 0.9528669656910896,
          "precision": 0.9577431280838571,
          "recall": 0.9480402038451756,
          "method": "char-label-aware"
        },
        "n_chunks": 4753
      },
      "en": {
        "strict_span": {
          "f1": 0.9592413236481032,
          "precision": 0.9542352468887997,
          "recall": 0.9643002028397566,
          "method": "seqeval-token-level"
        },
        "char": {
          "f1": 0.983842010771993,
          "precision": 0.9832184810940122,
          "recall": 0.9844663318020128,
          "method": "char-label-aware"
        },
        "n_chunks": 893
      },
      "fr_ch": {
        "strict_span": {
          "f1": 0.904891304347826,
          "precision": 0.8911429558011049,
          "recall": 0.9190705128205128,
          "method": "seqeval-token-level"
        },
        "char": {
          "f1": 0.9520779147556093,
          "precision": 0.9506168004699432,
          "recall": 0.9535435274707468,
          "method": "char-label-aware"
        },
        "n_chunks": 4705
      },
      "it_ch": {
        "strict_span": {
          "f1": 0.9390853001664872,
          "precision": 0.93642578125,
          "recall": 0.9417599685719897,
          "method": "seqeval-token-level"
        },
        "char": {
          "f1": 0.971984904869228,
          "precision": 0.9754051367287149,
          "recall": 0.9685885750996297,
          "method": "char-label-aware"
        },
        "n_chunks": 4169
      },
      "rm": {
        "strict_span": {
          "f1": 0.8468379446640316,
          "precision": 0.8169685414680649,
          "recall": 0.8789743589743589,
          "method": "seqeval-token-level"
        },
        "char": {
          "f1": 0.9248442514630923,
          "precision": 0.9212961221649678,
          "recall": 0.9284198157904712,
          "method": "char-label-aware"
        },
        "n_chunks": 1341
      }
    }
  }
}