{
  "model_id": "/home/joelbarmettler/projects/gheim/checkpoints/sweep_v2/f08_10k_k3_dotsep",
  "backend": "hf",
  "dataset_id": "data/built_v2",
  "dataset_split": "test",
  "n_chunks": 15861,
  "metrics": {
    "overall": {
      "strict_span": {
        "f1": 0.9163951668761705,
        "precision": 0.9063506964707077,
        "recall": 0.9266647643259228,
        "method": "seqeval-token-level"
      },
      "char": {
        "f1": 0.9592897488073073,
        "precision": 0.9584586733427937,
        "recall": 0.9601222667666472,
        "method": "char-label-aware"
      }
    },
    "per_category": {
      "account_number": {
        "strict_span": {
          "f1": 0.6046948356807511,
          "precision": 0.5719360568383659,
          "recall": 0.6414342629482072,
          "n_gold": 502
        },
        "char": {
          "f1": 0.7693138843868179,
          "precision": 0.8473948690822534,
          "recall": 0.7044080466087721
        }
      },
      "private_address": {
        "strict_span": {
          "f1": 0.7839335180055401,
          "precision": 0.7621869108537571,
          "recall": 0.8069575135443399,
          "n_gold": 3507
        },
        "char": {
          "f1": 0.8909974993053627,
          "precision": 0.8862571685206937,
          "recall": 0.8957888120678819
        }
      },
      "private_date": {
        "strict_span": {
          "f1": 0.9230612970392564,
          "precision": 0.9076200938779586,
          "recall": 0.9390369911138665,
          "n_gold": 9678
        },
        "char": {
          "f1": 0.9405464792171065,
          "precision": 0.9239994243591999,
          "recall": 0.9576969927989593
        }
      },
      "private_email": {
        "strict_span": {
          "f1": 0.9839790270900088,
          "precision": 0.9814061592097618,
          "recall": 0.9865654205607477,
          "n_gold": 1712
        },
        "char": {
          "f1": 0.9926289926289927,
          "precision": 0.9950738916256158,
          "recall": 0.9901960784313726
        }
      },
      "private_person": {
        "strict_span": {
          "f1": 0.9170695425808851,
          "precision": 0.9131488588164007,
          "recall": 0.9210240391144914,
          "n_gold": 14726
        },
        "char": {
          "f1": 0.9456247591930199,
          "precision": 0.9529655392715717,
          "recall": 0.938396207996182
        }
      },
      "private_phone": {
        "strict_span": {
          "f1": 0.9856459330143541,
          "precision": 0.9812444179815422,
          "recall": 0.9900871132472214,
          "n_gold": 3329
        },
        "char": {
          "f1": 0.9895143078276911,
          "precision": 0.984930032292788,
          "recall": 0.994141457179378
        }
      },
      "private_url": {
        "strict_span": {
          "f1": 0.9494423791821561,
          "precision": 0.9392007845060064,
          "recall": 0.9599097970433476,
          "n_gold": 3991
        },
        "char": {
          "f1": 0.9926460001550542,
          "precision": 0.992387711829219,
          "recall": 0.992904422965076
        }
      },
      "secret": {
        "strict_span": {
          "f1": 0.9954873646209387,
          "precision": 0.9919064748201439,
          "recall": 0.9990942028985508,
          "n_gold": 1104
        },
        "char": {
          "f1": 0.9992079761461052,
          "precision": 0.9985721602284544,
          "recall": 0.9998446022594831
        }
      }
    },
    "per_language": {
      "de_ch": {
        "strict_span": {
          "f1": 0.913793834541831,
          "precision": 0.9102044264233823,
          "recall": 0.9174116645381013,
          "method": "seqeval-token-level"
        },
        "char": {
          "f1": 0.9559869097267348,
          "precision": 0.9592075752618577,
          "recall": 0.9527877994329261,
          "method": "char-label-aware"
        },
        "n_chunks": 4753
      },
      "en": {
        "strict_span": {
          "f1": 0.9551036843164888,
          "precision": 0.9480415667466027,
          "recall": 0.9622718052738337,
          "method": "seqeval-token-level"
        },
        "char": {
          "f1": 0.9826604024213033,
          "precision": 0.9801700220530697,
          "recall": 0.9851634699604955,
          "method": "char-label-aware"
        },
        "n_chunks": 893
      },
      "fr_ch": {
        "strict_span": {
          "f1": 0.9071119464964811,
          "precision": 0.8910261914984972,
          "recall": 0.9237891737891738,
          "method": "seqeval-token-level"
        },
        "char": {
          "f1": 0.9535016465422613,
          "precision": 0.9473913823274211,
          "recall": 0.9596912395103436,
          "method": "char-label-aware"
        },
        "n_chunks": 4705
      },
      "it_ch": {
        "strict_span": {
          "f1": 0.9403131115459883,
          "precision": 0.9368297913823357,
          "recall": 0.9438224317422903,
          "method": "seqeval-token-level"
        },
        "char": {
          "f1": 0.9718448863978472,
          "precision": 0.9742090567463733,
          "recall": 0.969492162812926,
          "method": "char-label-aware"
        },
        "n_chunks": 4169
      },
      "rm": {
        "strict_span": {
          "f1": 0.8495488105004102,
          "precision": 0.8167192429022082,
          "recall": 0.8851282051282051,
          "method": "seqeval-token-level"
        },
        "char": {
          "f1": 0.924948678833079,
          "precision": 0.9192183873624317,
          "recall": 0.9307508622976917,
          "method": "char-label-aware"
        },
        "n_chunks": 1341
      }
    }
  }
}