{
  "model_id": "/home/joelbarmettler/projects/gheim/checkpoints/sweep_v2/f09_10k_dotsep_random",
  "backend": "hf",
  "dataset_id": "data/built_v2",
  "dataset_split": "test",
  "n_chunks": 15861,
  "metrics": {
    "overall": {
      "strict_span": {
        "f1": 0.9164367211263269,
        "precision": 0.9069040845356635,
        "recall": 0.9261718851332071,
        "method": "seqeval-token-level"
      },
      "char": {
        "f1": 0.9580062583505723,
        "precision": 0.9573336531194485,
        "recall": 0.9586798093666173,
        "method": "char-label-aware"
      }
    },
    "per_category": {
      "account_number": {
        "strict_span": {
          "f1": 0.6481665014866204,
          "precision": 0.6449704142011834,
          "recall": 0.651394422310757,
          "n_gold": 502
        },
        "char": {
          "f1": 0.7653464744174727,
          "precision": 0.8569482288828338,
          "recall": 0.6914367373859515
        }
      },
      "private_address": {
        "strict_span": {
          "f1": 0.777332411886662,
          "precision": 0.7542918454935622,
          "recall": 0.8018249215854006,
          "n_gold": 3507
        },
        "char": {
          "f1": 0.8841517857142858,
          "precision": 0.8831045774402564,
          "recall": 0.8852014805503178
        }
      },
      "private_date": {
        "strict_span": {
          "f1": 0.921420226545436,
          "precision": 0.9061844340093915,
          "recall": 0.9371771027071709,
          "n_gold": 9678
        },
        "char": {
          "f1": 0.9406722586175228,
          "precision": 0.9268971508550652,
          "recall": 0.9548629813469013
        }
      },
      "private_email": {
        "strict_span": {
          "f1": 0.9854057209573847,
          "precision": 0.9848308051341891,
          "recall": 0.985981308411215,
          "n_gold": 1712
        },
        "char": {
          "f1": 0.9932008164220433,
          "precision": 0.9956731395803466,
          "recall": 0.9907407407407407
        }
      },
      "private_person": {
        "strict_span": {
          "f1": 0.9165343691943929,
          "precision": 0.9118220310504738,
          "recall": 0.9212956675268233,
          "n_gold": 14726
        },
        "char": {
          "f1": 0.9433143255504904,
          "precision": 0.9473335885795547,
          "recall": 0.9393290235807102
        }
      },
      "private_phone": {
        "strict_span": {
          "f1": 0.9857890800299177,
          "precision": 0.9818235995232419,
          "recall": 0.9897867227395615,
          "n_gold": 3329
        },
        "char": {
          "f1": 0.9897776126532561,
          "precision": 0.9863746958637469,
          "recall": 0.9932040903280784
        }
      },
      "private_url": {
        "strict_span": {
          "f1": 0.9536933581626319,
          "precision": 0.9451279527559056,
          "recall": 0.9624154347281383,
          "n_gold": 3991
        },
        "char": {
          "f1": 0.9922793812436007,
          "precision": 0.9914562999419361,
          "recall": 0.9931038302822167
        }
      },
      "secret": {
        "strict_span": {
          "f1": 0.9959367945823928,
          "precision": 0.9927992799279928,
          "recall": 0.9990942028985508,
          "n_gold": 1104
        },
        "char": {
          "f1": 0.9992467716009598,
          "precision": 0.9986496554293165,
          "recall": 0.9998446022594831
        }
      }
    },
    "per_language": {
      "de_ch": {
        "strict_span": {
          "f1": 0.9120352706770105,
          "precision": 0.9082235731171902,
          "recall": 0.9158790974882929,
          "method": "seqeval-token-level"
        },
        "char": {
          "f1": 0.9533292995376892,
          "precision": 0.9568210500346342,
          "recall": 0.9498629414369012,
          "method": "char-label-aware"
        },
        "n_chunks": 4753
      },
      "en": {
        "strict_span": {
          "f1": 0.9600806451612903,
          "precision": 0.9543086172344689,
          "recall": 0.9659229208924949,
          "method": "seqeval-token-level"
        },
        "char": {
          "f1": 0.9843270260621207,
          "precision": 0.9829759167156888,
          "recall": 0.9856818547450084,
          "method": "char-label-aware"
        },
        "n_chunks": 893
      },
      "fr_ch": {
        "strict_span": {
          "f1": 0.9050118079244293,
          "precision": 0.8893759669932955,
          "recall": 0.9212072649572649,
          "method": "seqeval-token-level"
        },
        "char": {
          "f1": 0.9517176755377039,
          "precision": 0.9459652186567707,
          "recall": 0.9575405223591108,
          "method": "char-label-aware"
        },
        "n_chunks": 4705
      },
      "it_ch": {
        "strict_span": {
          "f1": 0.9412109948156119,
          "precision": 0.9374512860483243,
          "recall": 0.9450009821253192,
          "method": "seqeval-token-level"
        },
        "char": {
          "f1": 0.972117972282738,
          "precision": 0.9735361599145111,
          "recall": 0.9707039104978089,
          "method": "char-label-aware"
        },
        "n_chunks": 4169
      },
      "rm": {
        "strict_span": {
          "f1": 0.8573315719947161,
          "precision": 0.8291280740977324,
          "recall": 0.8875213675213676,
          "method": "seqeval-token-level"
        },
        "char": {
          "f1": 0.922259750551918,
          "precision": 0.9182573081836627,
          "recall": 0.926297236857067,
          "method": "char-label-aware"
        },
        "n_chunks": 1341
      }
    }
  }
}