{
  "model_id": "/home/joelbarmettler/projects/gheim/checkpoints/sweep_v2/f10_5k_singlenl",
  "backend": "hf",
  "dataset_id": "data/built_v2",
  "dataset_split": "test",
  "n_chunks": 15861,
  "metrics": {
    "overall": {
      "strict_span": {
        "f1": 0.915181315304241,
        "precision": 0.9036336510986926,
        "recall": 0.927027938467924,
        "method": "seqeval-token-level"
      },
      "char": {
        "f1": 0.9585095887354583,
        "precision": 0.9572034936832958,
        "recall": 0.9598192529662538,
        "method": "char-label-aware"
      }
    },
    "per_category": {
      "account_number": {
        "strict_span": {
          "f1": 0.5926605504587156,
          "precision": 0.5493197278911565,
          "recall": 0.6434262948207171,
          "n_gold": 502
        },
        "char": {
          "f1": 0.7787568183180483,
          "precision": 0.8563142631162668,
          "recall": 0.7140815653512147
        }
      },
      "private_address": {
        "strict_span": {
          "f1": 0.7823489477257297,
          "precision": 0.7467599792638673,
          "recall": 0.8214998574280011,
          "n_gold": 3507
        },
        "char": {
          "f1": 0.8890879523717647,
          "precision": 0.8773953134137551,
          "recall": 0.9010964452824918
        }
      },
      "private_date": {
        "strict_span": {
          "f1": 0.9213574476732372,
          "precision": 0.9062562462522487,
          "recall": 0.9369704484397603,
          "n_gold": 9678
        },
        "char": {
          "f1": 0.9403095242950065,
          "precision": 0.9257335110568662,
          "recall": 0.9553518897552972
        }
      },
      "private_email": {
        "strict_span": {
          "f1": 0.9848484848484849,
          "precision": 0.9825581395348837,
          "recall": 0.9871495327102804,
          "n_gold": 1712
        },
        "char": {
          "f1": 0.9927816581414068,
          "precision": 0.9938913439043411,
          "recall": 0.9916744475568005
        }
      },
      "private_person": {
        "strict_span": {
          "f1": 0.9167314648906318,
          "precision": 0.9128122264862317,
          "recall": 0.9206845035990765,
          "n_gold": 14726
        },
        "char": {
          "f1": 0.9441186578440625,
          "precision": 0.9496669337049921,
          "recall": 0.9386348352387357
        }
      },
      "private_phone": {
        "strict_span": {
          "f1": 0.9868263473053893,
          "precision": 0.9835869889585198,
          "recall": 0.9900871132472214,
          "n_gold": 3329
        },
        "char": {
          "f1": 0.9909469568174091,
          "precision": 0.9885101331298227,
          "recall": 0.9933958244567533
        }
      },
      "private_url": {
        "strict_span": {
          "f1": 0.9479697007326462,
          "precision": 0.9396848842934515,
          "recall": 0.9564019042846404,
          "n_gold": 3991
        },
        "char": {
          "f1": 0.991305987114231,
          "precision": 0.9923018432284526,
          "recall": 0.9903121278422466
        }
      },
      "secret": {
        "strict_span": {
          "f1": 0.9968368730230457,
          "precision": 0.9945897204688909,
          "recall": 0.9990942028985508,
          "n_gold": 1104
        },
        "char": {
          "f1": 0.999603831185477,
          "precision": 0.9993631760429934,
          "recall": 0.9998446022594831
        }
      }
    },
    "per_language": {
      "de_ch": {
        "strict_span": {
          "f1": 0.9108366466457998,
          "precision": 0.9050180717828024,
          "recall": 0.9167305236270753,
          "method": "seqeval-token-level"
        },
        "char": {
          "f1": 0.9540011382232855,
          "precision": 0.956641992147725,
          "recall": 0.9513748245556194,
          "method": "char-label-aware"
        },
        "n_chunks": 4753
      },
      "en": {
        "strict_span": {
          "f1": 0.9558410276997189,
          "precision": 0.9459674215335717,
          "recall": 0.9659229208924949,
          "method": "seqeval-token-level"
        },
        "char": {
          "f1": 0.9827156094084105,
          "precision": 0.9796259125708298,
          "recall": 0.9858248574441842,
          "method": "char-label-aware"
        },
        "n_chunks": 893
      },
      "fr_ch": {
        "strict_span": {
          "f1": 0.9060306109100423,
          "precision": 0.8878728313819332,
          "recall": 0.9249465811965812,
          "method": "seqeval-token-level"
        },
        "char": {
          "f1": 0.9531639772372934,
          "precision": 0.9458139748504905,
          "recall": 0.9606291093183013,
          "method": "char-label-aware"
        },
        "n_chunks": 4705
      },
      "it_ch": {
        "strict_span": {
          "f1": 0.9408139307376248,
          "precision": 0.9371467550185149,
          "recall": 0.9445099194657238,
          "method": "seqeval-token-level"
        },
        "char": {
          "f1": 0.9718602989106958,
          "precision": 0.9742347581457843,
          "recall": 0.9694973858632919,
          "method": "char-label-aware"
        },
        "n_chunks": 4169
      },
      "rm": {
        "strict_span": {
          "f1": 0.8472518457752257,
          "precision": 0.8145110410094637,
          "recall": 0.8827350427350428,
          "method": "seqeval-token-level"
        },
        "char": {
          "f1": 0.9234947427978688,
          "precision": 0.9190487809455883,
          "recall": 0.9279839290452185,
          "method": "char-label-aware"
        },
        "n_chunks": 1341
      }
    }
  }
}