{
  "_meta": {
    "models": [
      "moonshotai/kimi-k2.6",
      "deepseek/deepseek-v4-pro",
      "minimax/minimax-m2.7",
      "z-ai/glm-5.1"
    ],
    "n_chunks": 580,
    "consensus_rule": "≥2 of 4 models flagged the (value, label) pair",
    "scoring": "value-string equality (casefold) + label match"
  },
  "overall": {
    "tp": 917,
    "fp": 310,
    "fn": 432,
    "f1": 0.7119565217391304
  },
  "per_category": {
    "account_number": {
      "tp": 28,
      "fp": 0,
      "fn": 52,
      "f1": 0.5185185185185185
    },
    "private_address": {
      "tp": 50,
      "fp": 22,
      "fn": 109,
      "f1": 0.43290043290043295
    },
    "private_date": {
      "tp": 209,
      "fp": 89,
      "fn": 75,
      "f1": 0.7182130584192441
    },
    "private_email": {
      "tp": 64,
      "fp": 8,
      "fn": 13,
      "f1": 0.8590604026845637
    },
    "private_person": {
      "tp": 320,
      "fp": 160,
      "fn": 109,
      "f1": 0.7040704070407041
    },
    "private_phone": {
      "tp": 121,
      "fp": 15,
      "fn": 20,
      "f1": 0.8736462093862816
    },
    "private_url": {
      "tp": 123,
      "fp": 16,
      "fn": 52,
      "f1": 0.7834394904458599
    },
    "secret": {
      "tp": 2,
      "fp": 0,
      "fn": 2,
      "f1": 0.6666666666666666
    }
  },
  "per_model_vs_dataset": {
    "moonshotai/kimi-k2.6": {
      "tp": 403,
      "fp": 155,
      "fn": 946,
      "f1": 0.42265338227582594
    },
    "deepseek/deepseek-v4-pro": {
      "tp": 1005,
      "fp": 410,
      "fn": 344,
      "f1": 0.7272069464544137
    },
    "minimax/minimax-m2.7": {
      "tp": 861,
      "fp": 334,
      "fn": 488,
      "f1": 0.6768867924528301
    },
    "z-ai/glm-5.1": {
      "tp": 554,
      "fp": 206,
      "fn": 795,
      "f1": 0.5253674727358937
    }
  },
  "cells": {
    "validation": {
      "de_ch": {
        "account_number": {
          "tp": 6,
          "fp": 0,
          "fn": 2,
          "f1": 0.8571428571428571
        },
        "private_date": {
          "tp": 14,
          "fp": 2,
          "fn": 5,
          "f1": 0.7999999999999999
        },
        "private_person": {
          "tp": 22,
          "fp": 7,
          "fn": 22,
          "f1": 0.6027397260273972
        },
        "private_phone": {
          "tp": 7,
          "fp": 0,
          "fn": 0,
          "f1": 1.0
        },
        "private_address": {
          "tp": 1,
          "fp": 1,
          "fn": 13,
          "f1": 0.125
        },
        "private_email": {
          "tp": 5,
          "fp": 1,
          "fn": 0,
          "f1": 0.9090909090909091
        },
        "private_url": {
          "tp": 4,
          "fp": 1,
          "fn": 4,
          "f1": 0.6153846153846154
        }
      },
      "fr_ch": {
        "account_number": {
          "tp": 3,
          "fp": 0,
          "fn": 6,
          "f1": 0.5
        },
        "private_person": {
          "tp": 16,
          "fp": 9,
          "fn": 17,
          "f1": 0.5517241379310344
        },
        "private_address": {
          "tp": 8,
          "fp": 1,
          "fn": 12,
          "f1": 0.5517241379310346
        },
        "private_date": {
          "tp": 23,
          "fp": 9,
          "fn": 12,
          "f1": 0.6865671641791045
        },
        "private_email": {
          "tp": 2,
          "fp": 0,
          "fn": 2,
          "f1": 0.6666666666666666
        },
        "private_url": {
          "tp": 8,
          "fp": 2,
          "fn": 2,
          "f1": 0.8000000000000002
        },
        "private_phone": {
          "tp": 10,
          "fp": 0,
          "fn": 0,
          "f1": 1.0
        }
      },
      "it_ch": {
        "account_number": {
          "tp": 4,
          "fp": 0,
          "fn": 6,
          "f1": 0.5714285714285715
        },
        "private_person": {
          "tp": 44,
          "fp": 12,
          "fn": 6,
          "f1": 0.830188679245283
        },
        "private_date": {
          "tp": 42,
          "fp": 8,
          "fn": 5,
          "f1": 0.8659793814432989
        },
        "private_address": {
          "tp": 2,
          "fp": 2,
          "fn": 15,
          "f1": 0.19047619047619047
        },
        "private_url": {
          "tp": 26,
          "fp": 1,
          "fn": 4,
          "f1": 0.912280701754386
        },
        "private_phone": {
          "tp": 11,
          "fp": 1,
          "fn": 1,
          "f1": 0.9166666666666666
        },
        "private_email": {
          "tp": 8,
          "fp": 1,
          "fn": 2,
          "f1": 0.8421052631578948
        }
      },
      "rm": {
        "account_number": {
          "tp": 1,
          "fp": 0,
          "fn": 3,
          "f1": 0.4
        },
        "private_person": {
          "tp": 35,
          "fp": 22,
          "fn": 1,
          "f1": 0.7526881720430108
        },
        "private_date": {
          "tp": 16,
          "fp": 6,
          "fn": 7,
          "f1": 0.711111111111111
        },
        "private_address": {
          "tp": 4,
          "fp": 5,
          "fn": 8,
          "f1": 0.380952380952381
        },
        "private_phone": {
          "tp": 18,
          "fp": 6,
          "fn": 0,
          "f1": 0.8571428571428571
        },
        "private_email": {
          "tp": 13,
          "fp": 0,
          "fn": 0,
          "f1": 1.0
        },
        "private_url": {
          "tp": 9,
          "fp": 6,
          "fn": 0,
          "f1": 0.7499999999999999
        }
      },
      "en": {
        "private_date": {
          "tp": 8,
          "fp": 8,
          "fn": 7,
          "f1": 0.5161290322580646
        },
        "private_person": {
          "tp": 17,
          "fp": 28,
          "fn": 6,
          "f1": 0.5
        },
        "private_address": {
          "tp": 2,
          "fp": 4,
          "fn": 1,
          "f1": 0.4444444444444444
        },
        "private_email": {
          "tp": 1,
          "fp": 1,
          "fn": 3,
          "f1": 0.3333333333333333
        },
        "private_url": {
          "tp": 8,
          "fp": 0,
          "fn": 3,
          "f1": 0.8421052631578948
        },
        "private_phone": {
          "tp": 8,
          "fp": 6,
          "fn": 2,
          "f1": 0.6666666666666666
        }
      }
    },
    "test": {
      "de_ch": {
        "account_number": {
          "tp": 9,
          "fp": 0,
          "fn": 1,
          "f1": 0.9473684210526316
        },
        "private_date": {
          "tp": 16,
          "fp": 10,
          "fn": 5,
          "f1": 0.6808510638297872
        },
        "private_person": {
          "tp": 50,
          "fp": 18,
          "fn": 26,
          "f1": 0.6944444444444445
        },
        "private_address": {
          "tp": 11,
          "fp": 2,
          "fn": 16,
          "f1": 0.5499999999999999
        },
        "private_url": {
          "tp": 12,
          "fp": 0,
          "fn": 8,
          "f1": 0.7499999999999999
        },
        "private_email": {
          "tp": 8,
          "fp": 0,
          "fn": 3,
          "f1": 0.8421052631578948
        },
        "private_phone": {
          "tp": 12,
          "fp": 1,
          "fn": 6,
          "f1": 0.7741935483870968
        },
        "secret": {
          "tp": 2,
          "fp": 0,
          "fn": 1,
          "f1": 0.8
        }
      },
      "fr_ch": {
        "private_date": {
          "tp": 25,
          "fp": 23,
          "fn": 12,
          "f1": 0.5882352941176472
        },
        "account_number": {
          "tp": 2,
          "fp": 0,
          "fn": 11,
          "f1": 0.2666666666666667
        },
        "private_person": {
          "tp": 31,
          "fp": 16,
          "fn": 15,
          "f1": 0.6666666666666667
        },
        "private_address": {
          "tp": 7,
          "fp": 1,
          "fn": 18,
          "f1": 0.42424242424242425
        },
        "private_phone": {
          "tp": 18,
          "fp": 1,